tipe_bupot,nama_objek_pajak,jenis_pajak,kode_objek_pajak,tarif_pajak,sifat_pajak_penghasilan,kap,persentase_penghasilan_bersih
BPPU,Dividen,Pasal 23,24-101-01,15,Tidak Final,411124-100,
BPPU,Jasa Aktuaris,Pasal 23,24-104-05,2,Tidak Final,411124-100,
BPPU,Pekerjaan Konstruksi Terintegrasi yang Dilakukan oleh Penyedia Jasa yang Memiliki Sertifikat Badan Usaha,Pasal 4 ayat 2,28-409-25,2.65,Final,411128-100,
BPPU,Pekerjaan Konstruksi Terintegrasi yang Dilakukan oleh Penyedia Jasa yang Tidak Memiliki Sertifikat Badan Usaha,Pasal 4 ayat 2,28-409-26,4,Final,411128-100,
BPPU,Jasa Konsultansi Konstruksi yang Dilakukan oleh Penyedia Jasa yang Memiliki Sertifikat Badan Usaha atau Sertifikat Kompetensi Kerja untuk Usaha Orang Perseorangan,Pasal 4 ayat 2,28-409-27,3.5,Final,411128-100,
BPPU,Jasa Konsultansi Konstruksi yang Dilakukan oleh Penyedia Jasa yang Tidak Memiliki Sertifikat Badan Usaha atau Sertifikat Kompetensi Kerja untuk Usaha Orang Perseorangan,Pasal 4 ayat 2,28-409-28,6,Final,411128-100,
BPPU,Jasa Konstruksi Berupa Jasa Perencanaan Konstruksi (Dengan Kualifikasi Usaha),Pasal 4 ayat 2,28-409-08,4,Final,411128-100,
BPPU,Jasa Konstruksi Berupa Jasa Perencanaan Konstruksi (Tanpa Kualifikasi Usaha),Pasal 4 ayat 2,28-409-09,6,Final,411128-100,
BPPU,Jasa Konstruksi Berupa Jasa Pelaksanaan Konstruksi (Kualifikasi Usaha Kecil),Pasal 4 ayat 2,28-409-10,2,Final,411128-100,
BPPU,Jasa Konstruksi Berupa Jasa Pelaksanaan Konstruksi (Kualifikasi Usaha Menengah dan Besar),Pasal 4 ayat 2,28-409-11,3,Final,411128-100,
BPPU,Jasa Konstruksi Berupa Jasa Pelaksanaan Konstruksi (Tanpa Kualifikasi Usaha),Pasal 4 ayat 2,28-409-12,4,Final,411128-100,
BPPU,Jasa Konstruksi Berupa Jasa Pengawasan Konstruksi (Dengan Kualifikasi Usaha),Pasal 4 ayat 2,28-409-13,4,Final,411128-100,
BPPU,"Jasa Akuntansi, Pembukuan, dan Atestasi Laporan Keuangan",Pasal 23,24-104-06,2,Tidak Final,411124-100,
BPPU,Jasa Konstruksi Berupa Jasa Pengawasan Konstruksi (Tanpa Kualifikasi Usaha),Pasal 4 ayat 2,28-409-14,6,Final,411128-100,
BPPU,"Bunga Simpanan yang Dibayarkan oleh Koperasi kepada Anggota Wajib Pajak Orang Pribadi (bunga sampai dengan Rp240.000,00)",Pasal 4 ayat 2,28-417-01,0,Final,411128-100,
BPPU,"Bunga Simpanan yang Dibayarkan oleh Koperasi kepada Anggota Wajib Pajak Orang Pribadi (bunga di atas Rp240.000,00)",Pasal 4 ayat 2,28-417-02,10,Final,411128-100,
BPPU,Dividen yang Diterima/Diperoleh Wajib Pajak Orang Pribadi Dalam Negeri,Pasal 4 ayat 2,28-419-01,10,Final,411128-100,
BPPU,Pemotongan atau pemungutan PPh atas penjualan barang atau penyerahan jasa yang dilakukan oleh Wajib Pajak dengan peredaran bruto tertentu sesuai dengan Peraturan Pemerintah Nomor 23 Tahun 2018 atau Peraturan Pemerintah Nomor 55 Tahun 2022.,Pasal 4 ayat 2,28-423-01,0.5,Final,411128-100,
BPPU,Pemotongan atau pemungutan PPh atas transaksi pembelian yang dilakukan oleh Wajib Pajak dengan peredaran bruto tertentu sesuai dengan Peraturan Pemerintah Nomor 55 Tahun 2022.,Pasal 4 ayat 2,28-423-02,0,Final,411128-100,
BPPU,Imbalan yang Dibayarkan/Terutang kepada Perusahaan Pelayaran Dalam Negeri,Pasal 15,28-410-02,1.2,Final,411122-100,
BPPU,Imbalan Charter Kapal Laut dan/atau Pesawat Udara yang Dibayarkan/ Terutang kepada Perusahaan Pelayaran dan/atau Penerbangan Luar Negeri  melalui BUT di Indonesia,Pasal 15,28-411-02,2.64,Final,411122-100,
BPPU,Imbalan Charter Pesawat Udara yang Dibayarkan/Terutang kepada Perusahaan Penerbangan Dalam Negeri oleh Pemotong Pajak,Pasal 15,29-101-01,1.8,Final,411122-100,
BPPU,Uplift Hulu Migas,Pasal 4 ayat 2,28-421-01,20,Final,411128-100,
BPPU,Jasa Hukum,Pasal 23,24-104-07,2,Tidak Final,411124-100,
BPPU,Participating Interest Eksplorasi Hulu Migas,Pasal 4 ayat 2,28-421-02,5,Final,411128-100,
BPPU,Participating Interest Eksploitasi Hulu Migas,Pasal 4 ayat 2,28-421-03,7,Final,411128-100,
BPPU,Pembayaran atas Pembelian Barang dan/atau Bahan untuk Kegiatan Usahanya oleh BUMN/Badan Usaha Tertentu,Pasal 22,22-900-01,1.5,Final,411122-100,
BPPU,Penjualan Hasil Produksi Kepada Distributor di Dalam Negeri oleh Badan Usaha/Industri Tertentu (Industri Semen),Pasal 22,22-100-07,0.25,Final,411122-100,
BPPU,Penjualan Hasil Produksi Kepada Distributor di Dalam Negeri oleh Badan Usaha/Industri Tertentu (Industri Baja),Pasal 22,22-100-08,0.3,Final,411122-100,
BPPU,Jasa Arsitektur,Pasal 23,24-104-08,2,Tidak Final,411124-100,
BPPU,Penjualan Hasil Produksi Kepada Distributor di Dalam Negeri oleh Badan Usaha/Industri Tertentu (Industri Otomotif),Pasal 22,22-100-09,0.45,Final,411122-100,
BPPU,Penjualan Hasil Produksi Kepada Distributor di Dalam Negeri oleh Badan Usaha/Industri Tertentu (Industri Farmasi),Pasal 22,22-100-10,0.3,Final,411122-100,
BPPU,Penjualan Hasil Produksi Kepada Distributor di Dalam Negeri oleh Badan Usaha/Industri Tertentu (industri Kertas),Pasal 22,22-100-11,0.1,Final,411122-100,
BPPU,"Penjualan Kendaraan Bermotor di Dalam Negeri oleh ATPM, APM dan Importir Umum Kendaraan Bermotor",Pasal 22,22-100-12,0.45,Final,411122-100,
BPPU,"Pembelian oleh Badan Usaha Berupa Komoditas Tambang Batubara, Mineral Logam dan Mineral Bukan Logam dari Badan atau Orang Pribadi Pemegang IUP",Pasal 22,22-100-13,1.5,Final,411122-100,
BPPU,Penjualan Emas Batangan di Dalam Negeri oleh Badan Usaha,Pasal 22,22-100-14,0.45,Final,411122-100,
BPPU,"Pembelian Bahan Hasil Kehutanan yang Belum Melalui Proses Industri Manufaktur, untuk Keperluan Industrinya/Ekspornya oleh Badan Usaha Industri/Eksportir",Pasal 22,22-100-15,0.25,Final,411122-100,
BPPU,"Pembelian Bahan Hasil Perkebunan yang Belum Melalui Proses Industri Manufaktur, untuk Keperluan Industrinya/Ekspornya Oleh Badan Usaha Industri/Eksportir",Pasal 22,22-100-16,0.25,Final,411122-100,
BPPU,"Pembelian Bahan Hasil Pertanian yang Belum Melalui Proses Industri Manufaktur, untuk Keperluan Industrinya/Ekspornya Oleh Badan Usaha Industri/Eksportir",Pasal 22,22-100-17,0.25,Final,411122-100,
BPPU,"Pembelian Bahan Hasil Peternakan yang Belum Melalui Proses Industri Manufaktur, untuk Keperluan Industrinya/Ekspornya Oleh Badan Usaha Industri/Eksportir",Pasal 22,22-100-18,0.25,Final,411122-100,
BPPU,Jasa Perencanaan Kota dan Arsitektur Landscape;,Pasal 23,24-104-09,2,Tidak Final,411124-100,
BPPU,"Pembelian Bahan Hasil Perikanan yang Belum Melalui Proses Industri Manufaktur, untuk Keperluan Industrinya/Ekspornya Oleh Badan Usaha Industri/Eksportir",Pasal 22,22-100-19,0.25,Final,411122-100,
BPPU,Penjualan BBM oleh Pertamina atau Anak Perusahaan Pertamina Kepada SPBU (Final),Pasal 22,22-401-01,0.25,Final,411122-100,
BPPU,Penjualan BBM oleh Pertamina atau Anak Perusahaan Pertamina Kepada Selain SPBU/Agen/Penyalur (Tidak Final),Pasal 22,22-100-20,0.3,Final,411122-100,
BPPU,Penjualan BBM oleh Badan Usaha Selain Pertamina atau Anak Perusahaan Pertamina Kepada SPBU/Agen/Penyalur  (Final),Pasal 22,22-401-02,0.3,Final,411122-100,
BPPU,Penjualan BBM oleh Badan Usaha Selain Pertamina atau Anak Perusahaan Pertamina Kepada Selain SPBU/Agen/Penyalur (Tidak Final),Pasal 22,22-100-21,0.3,Final,411122-100,
BPPU,Penjualan Pelumas oleh Importir/Produsen,Pasal 22,22-100-22,0.3,Final,411122-100,
BPPU,Penjualan  Pulsa dan Kartu Perdana oleh Penyelenggara Distribusi Tingkat Kedua yang Merupakan Pemungut PPh Pasal 22,Pasal 22,22-100-23,0.5,Final,411122-100,
BPPU,Penjualan BBG oleh Produsen/Importir Kepada Selain SPBU/Agen/Penyalur (Tidak Final),Pasal 22,22-100-24,0.3,Final,411122-100,
BPPU,Penjualan BBG oleh produsen/importir Kepada SPBU/Agen/Penyalur (Final),Pasal 22,22-401-03,0.3,Final,411122-100,
BPPU,Penjualan BBM oleh Pertamina atau Anak Perusahaan Pertamina kepada Agen/Penyalur selain SPBU (Final),Pasal 22,22-401-04,0.3,Final,411122-100,
BPPU,Jasa Perancang (Design),Pasal 23,24-104-10,2,Tidak Final,411124-100,
BPPU,"Penjualan Barang yang Tergolong Sangat Mewah Selain Rumah Beserta Tanahnya, Apartemen, Kondominium dan Sejenisnya",Pasal 22,22-403-01,5,Final,411122-100,
BPPU,"Penjualan Barang yang Tergolong Sangat Mewah Untuk Rumah Beserta Tanahnya, Apartemen, Kondominium dan Sejenisnya",Pasal 22,22-403-02,1,Final,411122-100,
BPPU,"Ekspor Komoditas Tambang Batubara, Mineral Logam, dan Mineral Bukan Logam yang Dilakukan Oleh Eksportir, Kecuali WP yang Terikat dalam PKP2B dan KK",Pasal 22,22-404-01,1.5,Final,411122-100,
BPPU,Penghasilan Sehubungan dengan Aset Kripto yang dipungut oleh Penyelenggara Perdagangan Melalui Sistem Elektronik yang Merupakan Pedagang Fisik Aset Kripto,Pasal 22,22-405-01,0.1,Final,411122-100,
BPPU,Penghasilan Sehubungan dengan Aset Kripto yang dipungut oleh Penyelenggara Perdagangan Melalui Sistem Elektronik yang Bukan Merupakan Pedagang Fisik Aset Kripto,Pasal 22,22-405-02,0.2,Final,411122-100,
BPPU,"Penghasilan Sehubungan dengan Transaksi Penjualan Barang, Penyerahan Jasa, dan/atau Persewaan serta Penghasilan Lain Sehubungan dengan Penggunaan Harta yang Dilakukan Melalui Pihak Lain dalam Sistem Informasi Pengadaan Pemerintah (Tidak Final)",Pasal 22,22-101-01,0.5,Final,411122-100,
BPPU,"Penghasilan Sehubungan dengan Transaksi Penjualan Barang, Penyerahan Jasa, dan/atau Persewaan serta Penghasilan Lain Sehubungan dengan Penggunaan Harta yang Dilakukan Melalui Pihak Lain dalam Sistem Informasi Pengadaan Pemerintah (Final)",Pasal 22,22-101-02,0.5,Final,411122-100,
BPPU,"Penghasilan yang Diterima atau Diperoleh Pedagang Dalam Negeri Penjualan Barang, Penyerahan Jasa, dan/atau Persewaan serta Penghasilan Lain Sehubungan dengan Penggunaan Harta yang Dilakukan Melalui Perdagangan Melalui Sistem Elektronik (Tidak Final)",Pasal 22,22-102-01,0.5,Final,411122-100,
BPPU,"Penghasilan yang Diterima atau Diperoleh Pedagang Dalam Negeri Penjualan Barang, Penyerahan Jasa, dan/atau Persewaan serta Penghasilan Lain Sehubungan dengan Penggunaan Harta yang Dilakukan Melalui Perdagangan Melalui Sistem Elektronik (Final)",Pasal 22,22-102-02,0.5,Final,411122-100,
BPPU,Penjualan Emas Batangan di Dalam Negeri oleh Pengusaha Emas Perhiasan dan/atau Emas Batangan,Pasal 22,22-100-25,0.25,Final,411122-100,
BPPU,Jasa Pengeboran (Drilling) di Bidang Penambangan Minyak dan Gas Bumi (Migas) Kecuali yang Dilakukan oleh Badan Usaha Tetap (BUT),Pasal 23,24-104-11,2,Tidak Final,411124-100,
BPPU,Penjualan Emas Perhiasan di Dalam Negeri oleh Pengusaha Emas Perhiasan dan/atau Emas Batangan,Pasal 22,22-100-26,0.25,Final,411122-100,
BPPU,Penjualan Perhiasan Selain dari Emas dan/atau Batu Permata dan/atau Batu Lainnya yang Sejenis oleh Pengusaha Emas Perhiasan dan/atau Emas Batangan,Pasal 22,22-100-27,0.25,Final,411122-100,
BPPU,Penghasilan yang Diterima atau Diperoleh Sehubungan dengan Kerja Sama dengan Lembaga Pengelola Investasi (LPI),Pasal 4 ayat 2,28-499-02,7.5,Final,411128-100,
BPPU,Pengalihan Hak atas Tanah dan/atau Bangunan,Pasal 4 ayat 2,28-402-01,2.5,Final,411128-100,
BPPU,Pengalihan Rumah Sederhana dan Rumah Susun Sederhana yang Dilakukan oleh WP yang Usaha Pokoknya Mengalihkan Hak atas Tanah dan/atau Bangunan,Pasal 4 ayat 2,28-402-02,1,Final,411128-100,
BPPU,"Pengalihan Hak atas Tanah dan/atau Bangunan kepada Pemerintah, BUMN yang Mendapat Penugasan Khusus dari Pemerintah, atau BUMD yang Mendapat Penugasan Khusus dari Kepala Daerah, sesuai UU mengenai Pengadaan Tanah bagi Pembangunan untuk Kepentingan Umum",Pasal 4 ayat 2,28-402-03,0,Final,411128-100,
BPPU,Imbalan yang Diterima/Diperoleh Sehubungan dengan Pengangkutan Orang dan/atau Barang Termasuk Penyewaan Kapal Laut Oleh Perusahaan Pelayaran Dalam Negeri,Pasal 4 ayat 2,28-410-01,1.2,Final,411128-100,
BPPU,Imbalan yang Dibayarkan/Terutang kepada Perusahaan Pelayaran dan/atau Penerbangan Luar Negeri Sehubungan dengan Pengangkutan Orang dan/atau Barang (Selain Berdasarkan Perjanjian Charter),Pasal 4 ayat 2,28-411-01,2.64,Final,411128-100,
BPPU,Penghasilan Wajib Pajak Luar Negeri yang Mempunyai Kantor Perwakilan Dagang di Indonesia,Pasal 4 ayat 2,28-413-01,0.44,Final,411128-100,
BPPU,Penghasilan Wajib Pajak yang Melakukan Kegiatan Usaha Jasa Maklon (Contract Manufacturing) Internasional di Bidang Produksi Mainan Anak-Anak,Pasal 4 ayat 2,28-499-01,2.1,Final,411128-100,
BPPU,Jasa Penunjang di Bidang Usaha Panas Bumi dan Penambangan Minyak dan Gas Bumi (Migas),Pasal 23,24-104-12,2,Tidak Final,411124-100,
BPPU,Pemungutan oleh Bendaharawan,Pasal 22,22-910-01,1.5,Final,411122-100,
BPPU,"Pemotongan atau Pemungutan PPh atas transaksi penjualan barang atau penyerahan jasa yang dilakukan oleh Wajib Pajak orang pribadi yang memiliki peredaran bruto tertentu sesuai dengan PP 55 Tahun 2022 dengan peredaran usaha s.d Rp500.000.000,00.",Pasal 4 ayat 2,28-423-03,0.5,Final,411128-100,
BPPU,Pemotongan atau Pemungutan PPh atas transaksi penjualan barang atau penyerahan jasa yang dilakukan oleh Wajib Pajak yang memenuhi persyaratan tertentu untuk dikenai PPh yang bersifat final dengan tarif 0% di IKN (PPh UMKM di IKN).,Pasal 4 ayat 2,28-423-12,0,Final,411128-100,
BPPU,Pemotongan atau pemungutan PPh atas transaksi pembelian yang dilakukan oleh Wajib Pajak yang memanfaatkan fasilitas PPh final dengan tarif 0% di IKN (PPh UMKM di IKN).,Pasal 4 ayat 2,28-423-13,0,Final,411128-100,
BPPU,Penghasilan dari Instrumen Moneter dan/atau Instrumen Keuangan Tertentu di Indonesia (Mata Uang VALAS Bersumber dari DHE SDA Tenor Lebih Dari 6 Bulan),Pasal 4 ayat 2,28-404-12,0,Final,411128-100,
BPPU,Penghasilan dari Instrumen Moneter dan/atau Instrumen Keuangan Tertentu di Indonesia (Mata Uang VALAS Bersumber dari DHE SDA Tenor 6 Bulan),Pasal 4 ayat 2,28-404-13,2.5,Final,411128-100,
BPPU,Penghasilan dari Instrumen Moneter dan/atau Instrumen Keuangan Tertentu di Indonesia (Mata Uang VALAS Bersumber dari DHE SDA Tenor Lebih Dari 3 Bulan sampai dengan Kurang Dari 6 Bulan),Pasal 4 ayat 2,28-404-14,7.5,Final,411128-100,
BPPU,Penghasilan dari Instrumen Moneter dan/atau Instrumen Keuangan Tertentu di Indonesia (Mata Uang VALAS Bersumber dari DHE SDA Tenor 1 Bulan sampai dengan Kurang Dari 3 Bulan),Pasal 4 ayat 2,28-404-15,10,Final,411128-100,
BPPU,Penghasilan dari Instrumen Moneter dan/atau Instrumen Keuangan Tertentu di Indonesia (Mata Uang IDR Bersumber dari DHE SDA Tenor 6 Bulan atau Lebih Dari 6 Bulan),Pasal 4 ayat 2,28-404-16,0,Final,411128-100,
BPPU,Penghasilan dari Instrumen Moneter dan/atau Instrumen Keuangan Tertentu di Indonesia (Mata Uang VALAS Bersumber dari DHE SDA Tenor 3 Bulan sampai dengan Kurang Dari 6 Bulan),Pasal 4 ayat 2,28-404-17,2.5,Final,411128-100,
BPPU,Jasa Penambangan dan Jasa Penunjang di Bidang Usaha Panas Bumi dan Penambangan Minyak dan Gas Bumi (Migas),Pasal 23,24-104-13,2,Tidak Final,411124-100,
BPPU,PPh pasal 22 yang terutang atas penghasilan Kontraktor Utama sehubungan pelaksanaan proyek pemerintah yang dibiayai Hibah atau Pinjaman Luar Negeri,Pasal 22,22-406-01,0,Final,411122-100,
BPPU,PPh pasal 23 yang terutang atas penghasilan Kontraktor Utama sehubungan pelaksanaan proyek pemerintah yang dibiayai Hibah atau Pinjaman Luar Negeri,Pasal 23,24-106-01,0,Tidak Final,411124-100,
BPPU,Persewaan Tanah dan/atau Bangunan sehubungan Pelaksanaan Proyek Pemerintah yang Dibiayai dengan Hibah atau Dana Pinjaman Luar Negeri,Pasal 4 ayat 2,28-403-04,10,Final,411128-100,
BPPU,Pekerjaan Konstruksi yang Dilakukan oleh Penyedia Jasa yang Memiliki Sertifikat Badan Usaha Kualifikasi Kecil atau Sertifikat Kompetensi Kerja untuk Usaha Orang Perseorangan sehubungan Pelaksanaan Proyek Pemerintah yang Dibiayai dengan Hibah atau Dana Pinjaman Luar Negeri,Pasal 4 ayat 2,28-409-43,1.75,Final,411128-100,
BPPU,Pekerjaan Konstruksi yang Dilakukan oleh Penyedia Jasa yang Tidak Memiliki Sertifikat Badan Usaha Atau Sertifikat Kompetensi Kerja untuk Usaha Orang Perseorangan sehubungan Pelaksanaan Proyek Pemerintah yang Dibiayai dengan Hibah atau Dana Pinjaman Luar Negeri,Pasal 4 ayat 2,28-409-44,4,Final,411128-100,
BPPU,Pekerjaan Konstruksi yang Dilakukan oleh Penyedia Jasa yang Memiliki Sertifikat Selain Sertifikat Badan Usaha Kualifikasi Kecil atau Sertifikat Kompetensi Kerja untuk Usaha Orang Perseorangan sehubungan Pelaksanaan Proyek Pemerintah yang Dibiayai dengan Hibah atau Dana Pinjaman Luar Negeri,Pasal 4 ayat 2,28-409-45,2.65,Final,411128-100,
BPPU,Pekerjaan Konstruksi Terintegrasi yang Dilakukan oleh Penyedia Jasa yang Memiliki Sertifikat Badan Usaha sehubungan Pelaksanaan Proyek Pemerintah yang Dibiayai dengan Hibah atau Dana Pinjaman Luar Negeri,Pasal 4 ayat 2,28-409-46,2.65,Final,411128-100,
BPPU,Pekerjaan Konstruksi Terintegrasi yang Dilakukan oleh Penyedia Jasa yang Tidak Memiliki Sertifikat Badan Usaha sehubungan Pelaksanaan Proyek Pemerintah yang Dibiayai dengan Hibah atau Dana Pinjaman Luar Negeri,Pasal 4 ayat 2,28-409-47,4,Final,411128-100,
BPPU,Jasa Konsultansi Konstruksi yang Dilakukan oleh Penyedia Jasa yang Memiliki Sertifikat Badan Usaha atau Sertifikat Kompetensi Kerja untuk Usaha Orang Perseorangan sehubungan Pelaksanaan Proyek Pemerintah yang Dibiayai dengan Hibah atau Dana Pinjaman Luar Negeri,Pasal 4 ayat 2,28-409-48,3.5,Final,411128-100,
BPPU,Jasa Konsultansi Konstruksi yang Dilakukan oleh Penyedia Jasa yang Tidak Memiliki Sertifikat Badan Usaha atau Sertifikat Kompetensi Kerja untuk Usaha Orang Perseorangan sehubungan Pelaksanaan Proyek Pemerintah yang Dibiayai dengan Hibah atau Dana Pinjaman Luar Negeri,Pasal 4 ayat 2,28-409-49,6,Final,411128-100,
BPPU,Jasa Penunjang di Bidang Penerbangan dan Bandar Udara,Pasal 23,24-104-14,2,Tidak Final,411124-100,
BPPU,Jasa Konstruksi Berupa Jasa Perencanaan Konstruksi (Dengan Kualifikasi Usaha) sehubungan Pelaksanaan Proyek Pemerintah yang Dibiayai dengan Hibah atau Dana Pinjaman Luar Negeri,Pasal 4 ayat 2,28-409-50,4,Final,411128-100,
BPPU,Jasa Konstruksi Berupa Jasa Perencanaan Konstruksi (Tanpa Kualifikasi Usaha) sehubungan Pelaksanaan Proyek Pemerintah yang Dibiayai dengan Hibah atau Dana Pinjaman Luar Negeri,Pasal 4 ayat 2,28-409-51,6,Final,411128-100,
BPPU,Jasa Konstruksi Berupa Jasa Pelaksanaan Konstruksi (Kualifikasi Usaha Kecil) sehubungan Pelaksanaan Proyek Pemerintah yang Dibiayai dengan Hibah atau Dana Pinjaman Luar Negeri,Pasal 4 ayat 2,28-409-52,2,Final,411128-100,
BPPU,Jasa Konstruksi Berupa Jasa Pelaksanaan Konstruksi (Kualifikasi Usaha Menengah dan Besar) sehubungan Pelaksanaan Proyek Pemerintah yang Dibiayai dengan Hibah atau Dana Pinjaman Luar Negeri,Pasal 4 ayat 2,28-409-53,3,Final,411128-100,
BPPU,Jasa Konstruksi Berupa Jasa Pelaksanaan Konstruksi (Tanpa Kualifikasi Usaha) sehubungan Pelaksanaan Proyek Pemerintah yang Dibiayai dengan Hibah atau Dana Pinjaman Luar Negeri,Pasal 4 ayat 2,28-409-54,4,Final,411128-100,
BPPU,Jasa Konstruksi Berupa Jasa Pengawasan Konstruksi (Dengan Kualifikasi Usaha) sehubungan Pelaksanaan Proyek Pemerintah yang Dibiayai dengan Hibah atau Dana Pinjaman Luar Negeri,Pasal 4 ayat 2,28-409-55,4,Final,411128-100,
BPPU,Jasa Konstruksi Berupa Jasa Pengawasan Konstruksi (Tanpa Kualifikasi Usaha) sehubungan Pelaksanaan Proyek Pemerintah yang Dibiayai dengan Hibah atau Dana Pinjaman Luar Negeri,Pasal 4 ayat 2,28-409-56,6,Final,411128-100,
BPPU,Pengalihan Hak atas Tanah dan/atau Bangunan sehubungan Pelaksanaan Proyek Pemerintah yang Dibiayai dengan Hibah atau Dana Pinjaman Luar Negeri,Pasal 4 ayat 2,28-402-04,2.5,Final,411128-100,
BPPU,Imbalan yang Dibayarkan/Terutang kepada Perusahaan Pelayaran Dalam Negeri sehubungan Pelaksanaan Proyek Pemerintah yang Dibiayai dengan Hibah atau Dana Pinjaman Luar Negeri,Pasal 4 ayat 2,28-410-06,1.2,Final,411128-100,
BPPU,Imbalan Charter Kapal Laut dan/atau Pesawat Udara yang Dibayarkan/ Terutang kepada Perusahaan Pelayaran dan/atau Penerbangan Luar Negeri melalui BUT di Indonesia sehubungan Pelaksanaan Proyek Pemerintah yang Dibiayai dengan Hibah atau Dana Pinjaman Luar Negeri,Pasal 4 ayat 2,28-411-05,2.64,Final,411128-100,
BPPU,Bunga Selain yang Dikenakan PPh Pasal 4 ayat (2),Pasal 4 ayat 2,24-102-01,15,Final,411128-100,
BPPU,Jasa Penebangan Hutan,Pasal 23,24-104-15,2,Tidak Final,411124-100,
BPPU,Imbalan Charter Pesawat Udara yang Dibayarkan/Terutang kepada Perusahaan Penerbangan Dalam Negeri oleh Pemotong Pajak sehubungan Pelaksanaan Proyek Pemerintah yang Dibiayai dengan Hibah atau Dana Pinjaman Luar Negeri,Pasal 22,29-101-02,1.8,Final,411122-100,
BPPU,Imbalan yang Diterima/Diperoleh Sehubungan dengan Pengangkutan Orang dan/atau Barang Termasuk Penyewaan Kapal Laut Oleh Perusahaan Pelayaran Dalam Negeri sehubungan Pelaksanaan Proyek Pemerintah yang Dibiayai dengan Hibah atau Dana Pinjaman Luar Negeri,Pasal 4 ayat 2,28-410-05,1.2,Final,411128-100,
BPPU,Imbalan yang Dibayarkan/Terutang kepada Perusahaan Pelayaran dan/atau Penerbangan Luar Negeri Sehubungan dengan Pengangkutan Orang dan/atau Barang (Selain Berdasarkan Perjanjian Charter) sehubungan Pelaksanaan Proyek Pemerintah yang Dibiayai dengan Hibah atau Dana Pinjaman Luar Negeri,Pasal 4 ayat 2,28-411-04,2.64,Final,411128-100,
BPPU,Penjualan BBM oleh Badan Usaha Selain Pertamina atau Anak Perusahaan Pertamina Kepada SPBU/Agen/Penyalur  (Final) sehubungan Pelaksanaan Proyek Pemerintah yang Dibiayai dengan Hibah atau Dana Pinjaman Luar Negeri,Pasal 4 ayat 2,22-401-05,0.3,Final,411128-100,
BPPU,Pemotongan atau pemungutan PPh atas penjualan barang atau penyerahan jasa yang dilakukan oleh Wajib Pajak dengan peredaran bruto tertentu yang memperoleh penghasilan sehubungan pelaksanaan proyek pemerintah yang dibiayai Hibah atau Pinjaman Luar Negeri,Pasal 4 ayat 2,28-423-14,0.5,Final,411128-100,
BPPU,Pemotongan atau Pemungutan PPh atas transaksi penjualan barang atau penyerahan jasa yang dilakukan oleh Wajib Pajak yang memenuhi persyaratan tertentu untuk dikenai PPh yang bersifat final dengan tarif 0% di IKN yang memperoleh penghasilan sehubungan pelaksanaan proyek pemerintah yang dibiayai Hibah atau Pinjaman Luar Negeri,Pasal 4 ayat 2,28-423-15,0,Final,411128-100,
BPPU,Jasa Pengolahan Limbah,Pasal 23,24-104-16,2,Tidak Final,411124-100,
BPPU,Jasa Penyedia Tenaga Kerja dan/atau Tenaga Ahli (Outsourcing Services),Pasal 23,24-104-17,2,Tidak Final,411124-100,
BPPU,Jasa Perantara dan/atau Keagenan,Pasal 23,24-104-18,2,Tidak Final,411124-100,
BPPU,"Jasa Bidang Perdagangan Surat-Surat Berharga, Kecuali yang Dilakukan Bursa Efek, Kustodian Sentral Efek Indonesia (KSEI) dan Kliring Penjaminan Efek Indonesia (KPEI)",Pasal 23,24-104-19,2,Tidak Final,411124-100,
BPPU,"Jasa Kustodian/Penyimpanan/Penitipan, Kecuali yang Dilakukan Oleh KSEI",Pasal 23,24-104-20,2,Tidak Final,411124-100,
BPPU,Jasa Pengisian Suara (Dubbing) dan/atau Sulih Suara,Pasal 23,24-104-21,2,Tidak Final,411124-100,
BPPU,Jasa Mixing Film,Pasal 23,24-104-22,2,Tidak Final,411124-100,
BPPU,"Jasa Pembuatan Sarana Promosi Film, Iklan, Poster, Foto, Slide, Klise, Banner, Pamphlet, Baliho dan Folder",Pasal 23,24-104-23,2,Tidak Final,411124-100,
BPPU,"Jasa Sehubungan Dengan Software Atau Hardware Atau Sistem Komputer, Termasuk Perawatan, Pemeliharaan dan Perbaikan.",Pasal 23,24-104-24,2,Tidak Final,411124-100,
BPPU,Royalti,Pasal 23,24-103-01,15,Tidak Final,411124-100,
BPPU,Jasa Pembuatan dan/atau Pengelolaan Website,Pasal 23,24-104-25,2,Tidak Final,411124-100,
BPPU,Jasa Internet Termasuk Sambungannya,Pasal 23,24-104-26,2,Tidak Final,411124-100,
BPPU,"Jasa Penyimpanan, Pengolahan dan/atau Penyaluran Data, Informasi, dan/atau Program",Pasal 23,24-104-27,2,Tidak Final,411124-100,
BPPU,"Jasa Instalasi/Pemasangan Mesin, Peralatan, Listrik, Telepon, Air, Gas, Ac dan/atau Tv Kabel, Selain Yang Dilakukan Oleh Wajib Pajak Yang Ruang Lingkupnya Di Bidang Konstruksi dan Mempunyai Izin dan/atau Sertifikasi Sebagai Pengusaha Konstruksi;",Pasal 23,24-104-28,2,Tidak Final,411124-100,
BPPU,"Jasa Perawatan/Perbaikan/Pemeliharaan Mesin, Peralatan, Listrik, Telepon, Air, Gas, Ac dan/atau Tv Kabel, Selain Yang Dilakukan Oleh Wajib Pajak Yang Ruang Lingkupnya di Bidang Konstruksi dan Mempunyai Izin dan/atau Sertifikasi Sebagai Pengusaha Konstruksi",Pasal 23,24-104-29,2,Tidak Final,411124-100,
BPPU,"Jasa Perawatan Kendaraan dan/atau Alat Transportasi Darat, Laut dan Udara",Pasal 23,24-104-30,2,Tidak Final,411124-100,
BPPU,Jasa Maklon,Pasal 23,24-104-31,2,Tidak Final,411124-100,
BPPU,Jasa Penyelidikan dan Keamanan,Pasal 23,24-104-32,2,Tidak Final,411124-100,
BPPU,Jasa Penyelenggara Kegiatan Atau Event Organizer,Pasal 23,24-104-33,2,Tidak Final,411124-100,
BPPU,"Jasa Penyediaan Tempat dan/atau Waktu Dalam Media Massa, Media Luar Ruang Atau Media Lain Untuk Penyampaian Informasi, dan/atau Jasa Periklanan",Pasal 23,24-104-34,2,Tidak Final,411124-100,
BPPU,"Hadiah, Penghargaan, Bonus dan Lainnya Selain yang Telah Dipotong PPh Pasal 21 Ayat (1) Huruf E UU PPh",Pasal 23,24-100-01,15,Tidak Final,411124-100,
BPPU,Jasa Pembasmian Hama,Pasal 23,24-104-35,2,Tidak Final,411124-100,
BPPU,Jasa Kebersihan Atau Cleaning Service,Pasal 23,24-104-36,2,Tidak Final,411124-100,
BPPU,Jasa Sedot Septic Tank,Pasal 23,24-104-37,2,Tidak Final,411124-100,
BPPU,Jasa Pemeliharaan Kolam,Pasal 23,24-104-38,2,Tidak Final,411124-100,
BPPU,Jasa Katering Atau Tata Boga,Pasal 23,24-104-39,2,Tidak Final,411124-100,
BPPU,Jasa Freight Forwarding,Pasal 23,24-104-40,2,Tidak Final,411124-100,
BPPU,Jasa Logistik,Pasal 23,24-104-41,2,Tidak Final,411124-100,
BPPU,Jasa Pengurusan Dokumen,Pasal 23,24-104-42,2,Tidak Final,411124-100,
BPPU,Jasa Pengepakan,Pasal 23,24-104-43,2,Tidak Final,411124-100,
BPPU,Jasa Loading dan Unloading,Pasal 23,24-104-44,2,Tidak Final,411124-100,
BPPU,Sewa dan Penghasilan Lain Sehubungan Dengan Penggunaan Harta Kecuali Sewa Tanah dan/atau Bangunan yang Telah Dikenai PPh Pasal 4 Ayat (2) UU PPh.,Pasal 23,24-100-02,2,Tidak Final,411124-100,
BPPU,Jasa Laboratorium dan/atau Pengujian Kecuali yang Dilakukan oleh Lembaga atau Institusi Pendidikan Dalam Rangka Penelitian Akademis,Pasal 23,24-104-45,2,Tidak Final,411124-100,
BPPU,Jasa Pengelolaan Parkir,Pasal 23,24-104-46,2,Tidak Final,411124-100,
BPPU,Jasa Penyondiran Tanah,Pasal 23,24-104-47,2,Tidak Final,411124-100,
BPPU,Jasa Penyiapan dan/atau Pengolahan Lahan,Pasal 23,24-104-48,2,Tidak Final,411124-100,
BPPU,Jasa Pembibitan dan/atau Penanaman Bibit,Pasal 23,24-104-49,2,Tidak Final,411124-100,
BPPU,Jasa Pemeliharaan Tanaman,Pasal 23,24-104-50,2,Tidak Final,411124-100,
BPPU,Jasa Pemanenan,Pasal 23,24-104-51,2,Tidak Final,411124-100,
BPPU,"Jasa Pengolahan Hasil Pertanian, Perkebunan, Perikanan, Peternakan dan/atau Perhutanan",Pasal 23,24-104-52,2,Tidak Final,411124-100,
BPPU,Jasa Dekorasi,Pasal 23,24-104-53,2,Tidak Final,411124-100,
BPPU,Jasa Pencetakan/Penerbitan,Pasal 23,24-104-54,2,Tidak Final,411124-100,
BPPU,Jasa Teknik,Pasal 23,24-104-01,2,Tidak Final,411124-100,
BPPU,Jasa Penerjemahan,Pasal 23,24-104-55,2,Tidak Final,411124-100,
BPPU,Jasa Pengangkutan/Ekspedisi Kecuali Yang Telah Diatur Dalam Pasal 15 Undang-Undang Pajak Penghasilan,Pasal 23,24-104-56,2,Tidak Final,411124-100,
BPPU,Jasa Pelayanan Pelabuhan,Pasal 23,24-104-57,2,Tidak Final,411124-100,
BPPU,Jasa Pengangkutan Melalui Jalur Pipa,Pasal 23,24-104-58,2,Tidak Final,411124-100,
BPPU,Jasa Pengelolaan Penitipan Anak,Pasal 23,24-104-59,2,Tidak Final,411124-100,
BPPU,Jasa Pelatihan dan/atau Kursus,Pasal 23,24-104-60,2,Tidak Final,411124-100,
BPPU,Jasa Pengiriman dan Pengisian Uang Ke Atm,Pasal 23,24-104-61,2,Tidak Final,411124-100,
BPPU,Jasa Sertifikasi,Pasal 23,24-104-62,2,Tidak Final,411124-100,
BPPU,Jasa Survey,Pasal 23,24-104-63,2,Tidak Final,411124-100,
BPPU,Jasa Tester,Pasal 23,24-104-64,2,Tidak Final,411124-100,
BPPU,Jasa Manajemen,Pasal 23,24-104-02,2,Tidak Final,411124-100,
BPPU,Jasa Selain Jasa-Jasa Tersebut di Atas yang Pembayarannya Dibebankan pada APBN (Anggaran Pendapatan dan Belanja Negara) Atau APBD (Anggaran Pendapatan dan Belanja Daerah).,Pasal 23,24-104-65,2,Tidak Final,411124-100,
BPPU,Jasa Penyelenggaraan Layanan Transaksi Pembayaran Terkait dengan Distribusi Token Oleh Penyelenggara Distribusi,Pasal 23,24-104-66,2,Tidak Final,411124-100,
BPPU,Jasa Pemasaran dengan Media Voucer Oleh Penyelenggara Voucer,Pasal 23,24-104-67,2,Tidak Final,411124-100,
BPPU,Jasa Penyelenggaraan Layanan Transaksi Pembayaran Terkait dengan Distribusi Voucer Oleh Penyelenggara Voucer dan Penyelenggara  Distribusi,Pasal 23,24-104-68,2,Tidak Final,411124-100,
BPPU,Jasa Penyelenggaraan Program Loyalitas dan Penghargaan Pelanggan (Consumer Loyalty/Reward Program)  Oleh Penyelenggara Voucer,Pasal 23,24-104-69,2,Tidak Final,411124-100,
BPPU,Bunga Pinjaman yang Diterima  Wajib Pajak Dalam Negeri dan Bentuk Usaha Tetap Melalui Layanan Pinjam Meminjam Uang Berbasis Teknologi Informasi,Pasal 23,24-105-01,0,Tidak Final,411124-100,
BPPU,Bunga Tabungan dan Bunga Deposito yang Ditempatkan di Dalam Negeri yang Dananya Bersumber Selain dari Devisa Hasil Ekspor (DHE),Pasal 4 ayat 2,28-404-01,20,Final,411128-100,
BPPU,Bunga Deposito yang Ditempatkan di Dalam Negeri (mata uang IDR bersumber dari DHE tenor 1 bulan),Pasal 4 ayat 2,28-404-02,7.5,Final,411128-100,
BPPU,Bunga Deposito yang Ditempatkan di Dalam Negeri (mata uang IDR bersumber dari DHE tenor 3 bulan),Pasal 4 ayat 2,28-404-03,5,Final,411128-100,
BPPU,Bunga Deposito yang Ditempatkan di Dalam Negeri (mata uang IDR bersumber dari DHE tenor 6 bulan atau lebih),Pasal 4 ayat 2,28-404-04,0,Final,411128-100,
BPPU,Jasa Konsultan,Pasal 23,24-104-03,2,Tidak Final,411124-100,
BPPU,Bunga Deposito yang Ditempatkan di Dalam Negeri (mata uang USD bersumber dari DHE tenor 1 bulan),Pasal 4 ayat 2,28-404-05,10,Final,411128-100,
BPPU,Bunga Deposito yang Ditempatkan di Dalam Negeri (mata uang USD bersumber dari DHE tenor 3 bulan),Pasal 4 ayat 2,28-404-06,7.5,Final,411128-100,
BPPU,Bunga Deposito yang Ditempatkan di Dalam Negeri (mata uang USD bersumber dari DHE tenor 6 bulan),Pasal 4 ayat 2,28-404-07,2.5,Final,411128-100,
BPPU,Bunga Deposito yang Ditempatkan di Dalam Negeri (mata uang USD bersumber dari DHE tenor lebih 6 bulan),Pasal 4 ayat 2,28-404-08,0,Final,411128-100,
BPPU,Bunga Deposito/Tabungan yang Ditempatkan di Luar Negeri Melalui Bank yang Didirikan atau Bertempat Kedudukan di Indonesia atau Cabang Bank Luar Negeri di Indonesia,Pasal 4 ayat 2,28-404-09,20,Final,411128-100,
BPPU,Diskonto Sertifikat Bank Indonesia,Pasal 4 ayat 2,28-404-10,20,Final,411128-100,
BPPU,Jasa Giro,Pasal 4 ayat 2,28-404-11,20,Final,411128-100,
BPPU,"Bunga Obligasi, Surat Utang Negara, atau Obligasi Daerah yang Diterima Wajib Pajak Dalam Negeri dan Bentuk Usaha Tetap.",Pasal 4 ayat 2,28-401-01,15,Final,411128-100,
BPPU,Bunga Obligasi yang Diterima Wajib Pajak Dalam Negeri dan Bentuk Usaha Tetap,Pasal 4 ayat 2,28-401-06,10,Final,411128-100,
BPPU,Bunga Obligasi yang Diterima Wajib Pajak Dalam Negeri dan Bentuk Usaha Tetap yang diadministrasikan oleh BI,Pasal 4 ayat 2,28-401-03,10,Final,411128-100,
BPPU,Jasa Penilai (Appraisal),Pasal 23,24-104-04,2,Tidak Final,411124-100,
BPPU,Diskonto Surat Perbendaharaan Negara yang Diterima Wajib Pajak Dalam Negeri dan Bentuk Usaha Tetap,Pasal 4 ayat 2,28-401-04,20,Final,411128-100,
BPPU,Diskonto Surat Perbendaharaan Negara yang Diterima Wajib Pajak Penduduk/Berkedudukan di Luar Negeri,Pasal 4 ayat 2,28-401-05,20,Final,411128-100,
BPPU,Transaksi Penjualan Saham di Bursa Efek (Saham Pendiri),Pasal 4 ayat 2,28-407-01,0.5,Final,411128-100,
BPPU,Transaksi Penjualan Saham di Bursa Efek (Bukan Saham Pendiri),Pasal 4 ayat 2,28-406-01,0.1,Final,411128-100,
BPPU,Transaksi Penjualan Saham Milik Perusahaan Modal Ventura Tidak di Bursa Efek,Pasal 4 ayat 2,28-408-01,0.1,Final,411128-100,
BPPU,Persewaan Tanah dan/atau Bangunan,Pasal 4 ayat 2,28-403-02,10,Final,411128-100,
BPPU,Hadiah Undian,Pasal 4 ayat 2,28-405-01,25,Final,411128-100,
BPPU,Pekerjaan Konstruksi yang Dilakukan oleh Penyedia Jasa yang Memiliki Sertifikat Badan Usaha Kualifikasi Kecil atau Sertifikat Kompetensi Kerja untuk Usaha Orang Perseorangan,Pasal 4 ayat 2,28-409-22,1.75,Final,411128-100,
BPPU,Pekerjaan Konstruksi yang Dilakukan oleh Penyedia Jasa yang Tidak Memiliki Sertifikat Badan Usaha Atau Sertifikat Kompetensi Kerja untuk Usaha Orang Perseorangan,Pasal 4 ayat 2,28-409-23,4,Final,411128-100,
BPPU,Pekerjaan Konstruksi yang Dilakukan oleh Penyedia Jasa yang Memiliki Sertifikat Selain Sertifikat Badan Usaha Kualifikasi Kecil atau Sertifikat Kompetensi Kerja untuk Usaha Orang Perseorangan,Pasal 4 ayat 2,28-409-24,2.65,Final,411128-100,
BPNR,Dividen (PPh Pasal 26),Pasal 26,27-101-01,20,Final,411127-110,100
BPNR,Keuntungan Karena Pembebasan Utang (PPh Pasal 26),Pasal 26,27-100-04,20,Final,411127-110,100
BPNR,Penghasilan dari Penjualan atau Pengalihan Harta di Indonesia (PPh Pasal 26),Pasal 26,27-100-05,20,Final,411127-110,25
BPNR,Premi Asuransi/Reasuransi (PPh Pasal 26),Pasal 26,27-100-06,20,Final,411127-110,5
BPNR,Premi Asuransi/Reasuransi (PPh Pasal 26),Pasal 26,27-100-06,20,Final,411127-110,10
BPNR,Premi Asuransi/Reasuransi (PPh Pasal 26),Pasal 26,27-100-06,20,Final,411127-110,50
BPNR,Penghasilan dari Penjualan/Pengalihan Saham tidak di Bursa Efek (PPh Pasal 26),Pasal 26,27-100-08,20,Final,411127-110,25
BPNR,Penjualan atau Pengalihan Saham Perusahaan Antara (Conduit Company atau Special Purpose Company)(PPh Pasal 26),Pasal 26,27-100-09,20,Final,411127-110,25
BPNR,Penghasilan Kena Pajak BUT Setelah Pajak (PPh Pasal 26),Pasal 26,27-105-01,20,Final,411127-110,20
BPNR,Bunga Pinjaman yang Diterima Wajib Pajak Dalam Negeri dan Bentuk Usaha Tetap Melalui Layanan Pinjam Meminjam Uang Berbasis Teknologi Informasi (PPh Pasal 26),Pasal 26,27-107-01,20,Final,411127-110,100
BPNR,Penghasilan yang Diterima atau Diperoleh Sehubungan dengan Kerja Sama dengan Lembaga Pengelola Investasi (LPI),Pasal 4 ayat 2,28-499-02,7.5,Final,411128-100,100
BPNR,Bunga Selain Bunga Obligasi (PPh Pasal 26),Pasal 26,27-102-01,20,Final,411127-110,100
BPNR,Penghasilan dari Penjualan/Pengalihan Saham (PPh Pasal 26),Pasal 26,27-100-07,20,Final,411127-110,100
BPNR,Pensiun dan pembayaran berkala lainnya (PPh Pasal 26),Pasal 26,27-100-03,20,Final,411127-110,100
BPNR,Transaksi Penjualan Saham di Bursa Efek (Saham Pendiri),Pasal 4 ayat 2,28-407-01,0.5,Final,411128-100,100
BPNR,Transaksi Penjualan Saham di Bursa Efek (Bukan Saham Pendiri),Pasal 4 ayat 2,28-406-01,0.1,Final,411128-100,100
BPNR,Transaksi Penjualan Saham Milik Perusahaan Modal Ventura Tidak di Bursa Efek,Pasal 4 ayat 2,28-408-01,0.1,Final,411128-100,100
BPNR,Persewaan Tanah dan/atau Bangunan,Pasal 4 ayat 2,28-403-02,10,Final,411128-403,100
BPNR,Pekerjaan Konstruksi yang Dilakukan oleh Penyedia Jasa yang Memiliki Sertifikat Badan Usaha Kualifikasi Kecil atau Sertifikat Kompetensi Kerja untuk Usaha Orang Perseorangan,Pasal 4 ayat 2,28-409-22,1.75,Final,411128-100,100
BPNR,Pekerjaan Konstruksi yang Dilakukan oleh Penyedia Jasa yang Tidak Memiliki Sertifikat Badan Usaha Atau Sertifikat Kompetensi Kerja untuk Usaha Orang Perseorangan,Pasal 4 ayat 2,28-409-23,4,Final,411128-100,100
BPNR,Pekerjaan Konstruksi yang Dilakukan oleh Penyedia Jasa yang Memiliki Sertifikat Selain Sertifikat Badan Usaha Kualifikasi Kecil atau Sertifikat Kompetensi Kerja untuk Usaha Orang Perseorangan,Pasal 4 ayat 2,28-409-24,2.65,Final,411128-100,100
BPNR,Pekerjaan Konstruksi Terintegrasi yang Dilakukan oleh Penyedia Jasa yang Memiliki Sertifikat Badan Usaha,Pasal 4 ayat 2,28-409-25,2.65,Final,411128-100,100
BPNR,Bunga Obligasi (PPh Pasal 26),Pasal 26,27-102-03,10,Final,411127-110,100
BPNR,Pekerjaan Konstruksi Terintegrasi yang Dilakukan oleh Penyedia Jasa yang Tidak Memiliki Sertifikat Badan Usaha,Pasal 4 ayat 2,28-409-26,4,Final,411128-100,100
BPNR,Jasa Konsultansi Konstruksi yang Dilakukan oleh Penyedia Jasa yang Memiliki Sertifikat Badan Usaha atau Sertifikat Kompetensi Kerja untuk Usaha Orang Perseorangan,Pasal 4 ayat 2,28-409-27,3.5,Final,411128-100,100
BPNR,Jasa Konsultansi Konstruksi yang Dilakukan oleh Penyedia Jasa yang Tidak Memiliki Sertifikat Badan Usaha atau Sertifikat Kompetensi Kerja untuk Usaha Orang Perseorangan,Pasal 4 ayat 2,28-409-28,6,Final,411128-100,100
BPNR,Jasa Konstruksi Berupa Jasa Perencanaan Konstruksi (Dengan Kualifikasi Usaha),Pasal 4 ayat 2,28-409-08,4,Final,411128-100,100
BPNR,Jasa Konstruksi Berupa Jasa Perencanaan Konstruksi (Tanpa Kualifikasi Usaha),Pasal 4 ayat 2,28-409-09,6,Final,411128-100,100
BPNR,Jasa Konstruksi Berupa Jasa Pelaksanaan Konstruksi (Kualifikasi Usaha Kecil),Pasal 4 ayat 2,28-409-10,2,Final,411128-100,100
BPNR,Jasa Konstruksi Berupa Jasa Pelaksanaan Konstruksi (Kualifikasi Usaha Menengah dan Besar),Pasal 4 ayat 2,28-409-11,3,Final,411128-100,100
BPNR,Jasa Konstruksi Berupa Jasa Pelaksanaan Konstruksi (Tanpa Kualifikasi Usaha),Pasal 4 ayat 2,28-409-12,4,Final,411128-100,100
BPNR,Jasa Konstruksi Berupa Jasa Pengawasan Konstruksi (Dengan Kualifikasi Usaha),Pasal 4 ayat 2,28-409-13,4,Final,411128-100,100
BPNR,Jasa Konstruksi Berupa Jasa Pengawasan Konstruksi (Tanpa Kualifikasi Usaha),Pasal 4 ayat 2,28-409-14,6,Final,411128-100,100
BPNR,Royalti (PPh Pasal 26),Pasal 26,27-103-01,20,Final,411127-110,100
BPNR,Imbalan yang Dibayarkan/Terutang kepada Perusahaan Pelayaran dan/atau Penerbangan Luar Negeri Sehubungan dengan Pengangkutan Orang dan/atau Barang (Selain Berdasarkan Perjanjian Charter),Pasal 4 ayat 2,28-411-01,2.64,Final,411128-600,100
BPNR,Sewa dan Penghasilan Lain Sehubungan dengan Penggunaan Harta (PPh Pasal 26),Pasal 26,27-100-01,20,Final,411127-110,100
BPNR,"Imbalan Sehubungan dengan Jasa, Pekerjaan dan Kegiatan",Pasal 26,27-104-01,20,Final,411127-110,100
BPNR,Hadiah dan Penghargaan (PPh Pasal 26),Pasal 26,27-100-02,20,Final,411127-110,100
BPNR,Hadiah Undian,Pasal 4 ayat 2,28-405-02,25,Final,411128-100,100
BPNR,Premi Swap dan Transaksi Lindung Nilai Lainnya (PPh Pasal 26),Pasal 26,27-102-02,20,Final,411127-110,100
Penyetoran Sendiri,Bunga Tabungan dan Bunga Deposito yang Ditempatkan di Dalam Negeri yang Dananya Bersumber Selain dari Devisa Hasil Ekspor (DHE),Pasal 4 Ayat 2,28-404-01,20,Final,411128-100,
Penyetoran Sendiri,Diskonto Sertifikat Bank Indonesia,Pasal 4 Ayat 2,28-404-10,20,Final,411128-100,
Penyetoran Sendiri,Jasa Giro,Pasal 4 Ayat 2,28-404-11,20,Final,411128-100,
Penyetoran Sendiri,"Bunga Obligasi, Surat Utang Negara, atau Obligasi Daerah yang Diterima Wajib Pajak Dalam Negeri dan Bentuk Usaha Tetap.",Pasal 4 Ayat 2,28-401-01,15,Final,411128-100,
Penyetoran Sendiri,Bunga Obligasi yang Diterima Wajib Pajak Dalam Negeri dan Bentuk Usaha Tetap,Pasal 4 Ayat 2,28-401-06,10,Final,411128-100,
Penyetoran Sendiri,Bunga Obligasi yang Diterima Wajib Pajak Dalam Negeri dan Bentuk Usaha Tetap yang diadministrasikan oleh BI,Pasal 4 Ayat 2,28-401-03,10,Final,411128-100,
Penyetoran Sendiri,Diskonto Surat Perbendaharaan Negara yang Diterima Wajib Pajak Dalam Negeri dan Bentuk Usaha Tetap,Pasal 4 Ayat 2,28-401-04,20,Final,411128-100,
Penyetoran Sendiri,Diskonto Surat Perbendaharaan Negara yang Diterima Wajib Pajak Penduduk/Berkedudukan di Luar Negeri,Pasal 4 Ayat 2,28-401-05,20,Final,411128-100,
Penyetoran Sendiri,Transaksi Penjualan Saham di Bursa Efek (Saham Pendiri),Pasal 4 Ayat 2,28-407-01,0.5,Final,411128-100,
Penyetoran Sendiri,Transaksi Penjualan Saham di Bursa Efek (Bukan Saham Pendiri),Pasal 4 Ayat 2,28-406-01,0.1,Final,411128-100,
Penyetoran Sendiri,Transaksi Penjualan Saham Milik Perusahaan Modal Ventura Tidak di Bursa Efek,Pasal 4 Ayat 2,28-408-01,0.1,Final,411128-100,
Penyetoran Sendiri,Bunga Deposito yang Ditempatkan di Dalam Negeri (mata uang IDR bersumber dari DHE tenor 1 bulan),Pasal 4 Ayat 2,28-404-02,7.5,Final,411128-100,
Penyetoran Sendiri,Hadiah Undian,Pasal 4 Ayat 2,28-405-01,25,Final,411128-100,
Penyetoran Sendiri,Pekerjaan Konstruksi yang Dilakukan oleh Penyedia Jasa yang Memiliki Sertifikat Badan Usaha Kualifikasi Kecil atau Sertifikat Kompetensi Kerja untuk Usaha Orang Perseorangan (Disetor Sendiri),Pasal 4 Ayat 2,28-409-22,1.75,Final,411128-100,
Penyetoran Sendiri,Pekerjaan Konstruksi yang Dilakukan oleh Penyedia Jasa yang Tidak Memiliki Sertifikat Badan Usaha Atau Sertifikat Kompetensi Kerja untuk Usaha Orang Perseorangan (Disetor Sendiri),Pasal 4 Ayat 2,28-409-23,4,Final,411128-100,
Penyetoran Sendiri,Pekerjaan Konstruksi yang Dilakukan oleh Penyedia Jasa yang Memiliki Sertifikat Selain Sertifikat Badan Usaha Kualifikasi Kecil atau Sertifikat Kompetensi Kerja untuk Usaha Orang Perseorangan (Disetor Sendiri),Pasal 4 Ayat 2,28-409-24,2.65,Final,411128-100,
Penyetoran Sendiri,Pekerjaan Konstruksi Terintegrasi yang Dilakukan oleh Penyedia Jasa yang Memiliki Sertifikat Badan Usaha (Disetor Sendiri),Pasal 4 Ayat 2,28-409-25,2.65,Final,411128-100,
Penyetoran Sendiri,Pekerjaan Konstruksi Terintegrasi yang Dilakukan oleh Penyedia Jasa yang Tidak Memiliki Sertifikat Badan Usaha (Disetor Sendiri),Pasal 4 Ayat 2,28-409-26,4,Final,411128-100,
Penyetoran Sendiri,Jasa Konsultansi Konstruksi yang Dilakukan oleh Penyedia Jasa yang Memiliki Sertifikat Badan Usaha atau Sertifikat Kompetensi Kerja untuk Usaha Orang Perseorangan (Disetor Sendiri),Pasal 4 Ayat 2,28-409-27,3.5,Final,411128-100,
Penyetoran Sendiri,Jasa Konsultansi Konstruksi yang Dilakukan oleh Penyedia Jasa yang Tidak Memiliki Sertifikat Badan Usaha atau Sertifikat Kompetensi Kerja untuk Usaha Orang Perseorangan (Disetor Sendiri),Pasal 4 Ayat 2,28-409-28,6,Final,411128-100,
Penyetoran Sendiri,Jasa Konstruksi Berupa Jasa Perencanaan Konstruksi (Dengan Kualifikasi Usaha) yang Disetor Sendiri,Pasal 4 Ayat 2,28-409-08,4,Final,411128-100,
Penyetoran Sendiri,Jasa Konstruksi Berupa Jasa Perencanaan Konstruksi (Tanpa Kualifikasi Usaha) yang Disetor Sendiri,Pasal 4 Ayat 2,28-409-09,6,Final,411128-100,
Penyetoran Sendiri,Bunga Deposito yang Ditempatkan di Dalam Negeri (mata uang IDR bersumber dari DHE tenor 3 bulan),Pasal 4 Ayat 2,28-404-03,5,Final,411128-100,
Penyetoran Sendiri,Jasa Konstruksi Berupa Jasa Pelaksanaan Konstruksi (Kualifikasi Usaha Kecil) yang Disetor Sendiri,Pasal 4 Ayat 2,28-409-10,2,Final,411128-100,
Penyetoran Sendiri,Jasa Konstruksi Berupa Jasa Pelaksanaan Konstruksi (Kualifikasi Usaha Menengah dan Besar) yang Disetor Sendiri,Pasal 4 Ayat 2,28-409-11,3,Final,411128-100,
Penyetoran Sendiri,Jasa Konstruksi Berupa Jasa Pelaksanaan Konstruksi (Tanpa Kualifikasi Usaha) yang Disetor Sendiri,Pasal 4 Ayat 2,28-409-12,4,Final,411128-100,
Penyetoran Sendiri,Jasa Konstruksi Berupa Jasa Pengawasan Konstruksi (Dengan Kualifikasi Usaha) yang Disetor Sendiri,Pasal 4 Ayat 2,28-409-13,4,Final,411128-100,
Penyetoran Sendiri,Jasa Konstruksi Berupa Jasa Pengawasan Konstruksi (Tanpa Kualifikasi Usaha) yang Disetor Sendiri,Pasal 4 Ayat 2,28-409-14,6,Final,411128-100,
Penyetoran Sendiri,"Bunga Simpanan yang Dibayarkan oleh Koperasi kepada Anggota Wajib Pajak Orang Pribadi (bunga sampai dengan Rp240.000,00)",Pasal 4 Ayat 2,28-417-01,0,Final,411128-100,
Penyetoran Sendiri,"Bunga Simpanan yang Dibayarkan oleh Koperasi kepada Anggota Wajib Pajak Orang Pribadi (bunga di atas Rp240.000,00)",Pasal 4 Ayat 2,28-417-02,10,Final,411128-100,
Penyetoran Sendiri,Dividen yang Diterima/Diperoleh Wajib Pajak Orang Pribadi Dalam Negeri,Pasal 4 Ayat 2,28-419-01,10,Final,411128-100,
Penyetoran Sendiri,Imbalan yang Dibayarkan/Terutang kepada Perusahaan Pelayaran Dalam Negeri,Pasal 15,28-410-02,1.2,Final,411128-600,
Penyetoran Sendiri,Imbalan Charter Kapal Laut dan/atau Pesawat Udara yang Dibayarkan/ Terutang kepada Perusahaan Pelayaran dan/atau Penerbangan Luar Negeri melalui BUT di Indonesia,Pasal 15,28-411-02,2.64,Final,411128-600,
Penyetoran Sendiri,Bunga Deposito yang Ditempatkan di Dalam Negeri (mata uang IDR bersumber dari DHE tenor 6 bulan atau lebih),Pasal 4 Ayat 2,28-404-04,0,Final,411128-100,
Penyetoran Sendiri,Uplift Hulu Migas,Pasal 4 Ayat 2,28-421-01,20,Final,411128-100,
Penyetoran Sendiri,Participating Interest Eksplorasi Hulu Migas,Pasal 4 Ayat 2,28-421-02,5,Final,411128-100,
Penyetoran Sendiri,Participating Interest Eksploitasi Hulu Migas,Pasal 4 Ayat 2,28-421-03,7,Final,411128-100,
Penyetoran Sendiri,Penjualan BBM oleh Pertamina atau Anak Perusahaan Pertamina Kepada SPBU (Final),Pasal 22,22-401-01,0.25,Final,411122-100,
Penyetoran Sendiri,Penjualan BBM oleh Badan Usaha Selain Pertamina atau Anak Perusahaan Pertamina Kepada SPBU/Agen/Penyalur (Final),Pasal 22,22-401-02,0.3,Final,411122-100,
Penyetoran Sendiri,Penjualan BBG oleh produsen/importir Kepada SPBU/Agen/Penyalur (Final),Pasal 22,22-401-03,0.3,Final,411122-100,
Penyetoran Sendiri,Penjualan BBM oleh Pertamina atau Anak Perusahaan Pertamina kepada Agen/Penyalur selain SPBU (Final),Pasal 22,22-401-04,0.3,Final,411122-100,
Penyetoran Sendiri,Penghasilan Sehubungan dengan Aset Kripto yang dipungut oleh Penyelenggara Perdagangan Melalui Sistem Elektronik yang Merupakan Pedagang Fisik Aset Kripto,Pasal 22,22-405-01,0.1,Final,411122-100,
Penyetoran Sendiri,Penghasilan Sehubungan dengan Aset Kripto yang dipungut oleh Penyelenggara Perdagangan Melalui Sistem Elektronik yang Bukan Merupakan Pedagang Fisik Aset Kripto,Pasal 22,22-405-02,0.2,Final,411122-100,
Penyetoran Sendiri,Penghasilan yang Diterima atau Diperoleh Sehubungan dengan Kerja Sama dengan Lembaga Pengelola Investasi (LPI),Pasal 4 Ayat 2,28-499-02,7.5,Final,411128-100,
Penyetoran Sendiri,Bunga Deposito yang Ditempatkan di Dalam Negeri (mata uang USD bersumber dari DHE tenor 1 bulan),Pasal 4 Ayat 2,28-404-05,10,Final,411128-100,
Penyetoran Sendiri,Persewaan Tanah dan/atau Bangunan,Pasal 4 Ayat 2,28-403-02,10,Final,411128-403,
Penyetoran Sendiri,Imbalan yang Diterima/Diperoleh Sehubungan dengan Pengangkutan Orang dan/atau Barang Termasuk Penyewaan Kapal Laut Oleh Perusahaan Pelayaran Dalam Negeri,Pasal 15,28-410-01,1.2,Final,411128-600,
Penyetoran Sendiri,Imbalan yang Dibayarkan/Terutang kepada Perusahaan Pelayaran dan/atau Penerbangan Luar Negeri Sehubungan dengan Pengangkutan Orang dan/atau Barang (Selain Berdasarkan Perjanjian Charter),Pasal 15,28-411-01,0,Final,411128-600,
Penyetoran Sendiri,Penghasilan Wajib Pajak Luar Negeri yang Mempunyai Kantor Perwakilan Dagang di Indonesia,Pasal 15,28-413-01,0.44,Final,411128-600,
Penyetoran Sendiri,Penghasilan Wajib Pajak yang Melakukan Kegiatan Usaha Jasa Maklon (Contract Manufacturing) Internasional di Bidang Produksi Mainan Anak-Anak,Pasal 15,28-499-01,2.1,Final,411128-600,
Penyetoran Sendiri,Penghasilan Sehubungan dengan Aset Kripto (Setor Sendiri),Pasal 22,22-405-03,0.1,Final,411122-900,
Penyetoran Sendiri,Bunga Deposito yang Ditempatkan di Dalam Negeri (mata uang USD bersumber dari DHE tenor 3 bulan),Pasal 4 Ayat 2,28-404-06,7.5,Final,411128-403,
Penyetoran Sendiri,Bunga Deposito yang Ditempatkan di Dalam Negeri (mata uang USD bersumber dari DHE tenor 6 bulan),Pasal 4 Ayat 2,28-404-07,2.5,Final,411128-100,
Penyetoran Sendiri,Pekerjaan Konstruksi yang Dilakukan oleh Penyedia Jasa yang Memiliki Sertifikat Badan Usaha Kualifikasi Kecil atau Sertifikat Kompetensi Kerja untuk Usaha Orang Perseorangan sehubungan Pelaksanaan Proyek Pemerintah yang Dibiayai dengan Hibah atau Dana Pinjaman Luar Negeri,Pasal 4 Ayat 2,28-409-22,1.75,Final,411128-100,
Penyetoran Sendiri,Pekerjaan Konstruksi yang Dilakukan oleh Penyedia Jasa yang Tidak Memiliki Sertifikat Badan Usaha Atau Sertifikat Kompetensi Kerja untuk Usaha Orang Perseorangan sehubungan Pelaksanaan Proyek Pemerintah yang Dibiayai dengan Hibah atau Dana Pinjaman Luar Negeri,Pasal 4 Ayat 2,28-409-23,4,Final,411128-100,
Penyetoran Sendiri,Pekerjaan Konstruksi yang Dilakukan oleh Penyedia Jasa yang Memiliki Sertifikat Selain Sertifikat Badan Usaha Kualifikasi Kecil atau Sertifikat Kompetensi Kerja untuk Usaha Orang Perseorangan sehubungan Pelaksanaan Proyek Pemerintah yang Dibiayai dengan Hibah atau Dana Pinjaman Luar Negeri,Pasal 4 Ayat 2,28-409-24,2.65,Final,411128-100,
Penyetoran Sendiri,Bunga Deposito yang Ditempatkan di Dalam Negeri (mata uang USD bersumber dari DHE tenor lebih 6 bulan),Pasal 4 Ayat 2,28-404-08,0,Final,411128-100,
Penyetoran Sendiri,Pekerjaan Konstruksi Terintegrasi yang Dilakukan oleh Penyedia Jasa yang Memiliki Sertifikat Badan Usaha sehubungan Pelaksanaan Proyek Pemerintah yang Dibiayai dengan Hibah atau Dana Pinjaman Luar Negeri,Pasal 4 Ayat 2,28-409-25,2.65,Final,411128-100,
Penyetoran Sendiri,Pekerjaan Konstruksi Terintegrasi yang Dilakukan oleh Penyedia Jasa yang Tidak Memiliki Sertifikat Badan Usaha sehubungan Pelaksanaan Proyek Pemerintah yang Dibiayai dengan Hibah atau Dana Pinjaman Luar Negeri,Pasal 4 Ayat 2,28-409-26,4,Final,411128-100,
Penyetoran Sendiri,Jasa Konsultansi Konstruksi yang Dilakukan oleh Penyedia Jasa yang Memiliki Sertifikat Badan Usaha atau Sertifikat Kompetensi Kerja untuk Usaha Orang Perseorangan sehubungan Pelaksanaan Proyek Pemerintah yang Dibiayai dengan Hibah atau Dana Pinjaman Luar Negeri,Pasal 4 Ayat 2,28-409-27,3.5,Final,411128-100,
Penyetoran Sendiri,Jasa Konsultansi Konstruksi yang Dilakukan oleh Penyedia Jasa yang Tidak Memiliki Sertifikat Badan Usaha atau Sertifikat Kompetensi Kerja untuk Usaha Orang Perseorangan sehubungan Pelaksanaan Proyek Pemerintah yang Dibiayai dengan Hibah atau Dana Pinjaman Luar Negeri,Pasal 4 Ayat 2,28-409-28,6,Final,411128-100,
Penyetoran Sendiri,Jasa Konstruksi Berupa Jasa Perencanaan Konstruksi (Dengan Kualifikasi Usaha) sehubungan Pelaksanaan Proyek Pemerintah yang Dibiayai dengan Hibah atau Dana Pinjaman Luar Negeri,Pasal 4 Ayat 2,28-409-08,4,Final,411128-100,
Penyetoran Sendiri,Jasa Konstruksi Berupa Jasa Perencanaan Konstruksi (Tanpa Kualifikasi Usaha) sehubungan Pelaksanaan Proyek Pemerintah yang Dibiayai dengan Hibah atau Dana Pinjaman Luar Negeri,Pasal 4 Ayat 2,28-409-09,6,Final,411128-100,
Penyetoran Sendiri,Jasa Konstruksi Berupa Jasa Pelaksanaan Konstruksi (Kualifikasi Usaha Kecil) sehubungan Pelaksanaan Proyek Pemerintah yang Dibiayai dengan Hibah atau Dana Pinjaman Luar Negeri,Pasal 4 Ayat 2,28-409-10,2,Final,411128-100,
Penyetoran Sendiri,Jasa Konstruksi Berupa Jasa Pelaksanaan Konstruksi (Kualifikasi Usaha Menengah dan Besar) sehubungan Pelaksanaan Proyek Pemerintah yang Dibiayai dengan Hibah atau Dana Pinjaman Luar Negeri,Pasal 4 Ayat 2,28-409-11,3,Final,411128-100,
Penyetoran Sendiri,Jasa Konstruksi Berupa Jasa Pelaksanaan Konstruksi (Tanpa Kualifikasi Usaha) sehubungan Pelaksanaan Proyek Pemerintah yang Dibiayai dengan Hibah atau Dana Pinjaman Luar Negeri,Pasal 4 Ayat 2,28-409-12,4,Final,411128-100,
Penyetoran Sendiri,Jasa Konstruksi Berupa Jasa Pengawasan Konstruksi (Dengan Kualifikasi Usaha) sehubungan Pelaksanaan Proyek Pemerintah yang Dibiayai dengan Hibah atau Dana Pinjaman Luar Negeri,Pasal 4 Ayat 2,28-409-13,5,Final,411128-100,
Penyetoran Sendiri,Bunga Deposito/Tabungan yang Ditempatkan di Luar Negeri Melalui Bank yang Didirikan atau Bertempat Kedudukan di Indonesia atau Cabang Bank Luar Negeri di Indonesia,Pasal 4 Ayat 2,28-404-09,20,Final,411128-100,
Penyetoran Sendiri,Pemotongan atau pemungutan PPh atas penjualan barang atau penyerahan jasa yang dilakukan oleh Wajib Pajak dengan peredaran bruto tertentu yang memperoleh penghasilan sehubungan pelaksanaan proyek pemerintah yang dibiayai Hibah atau Pinjaman Luar Negeri,Pasal 4 Ayat 2,28-423-16,0.5,Final,411128-100,
Pemotongan Secara Digunggung,Bunga Tabungan dan Bunga Deposito yang Ditempatkan di Dalam Negeri yang Dananya Bersumber Selain dari Devisa Hasil Ekspor (DHE),Pasal 4 Ayat 2,28-404-01,20,Final,411128-100,
Pemotongan Secara Digunggung,Diskonto Sertifikat Bank Indonesia,Pasal 4 Ayat 2,28-404-10,20,Final,411128-100,
Pemotongan Secara Digunggung,Jasa Giro,Pasal 4 Ayat 2,28-404-11,20,Final,411128-100,
Pemotongan Secara Digunggung,"Bunga Obligasi, Surat Utang Negara, atau Obligasi Daerah yang Diterima Wajib Pajak Dalam Negeri dan Bentuk Usaha Tetap.",Pasal 4 Ayat 2,28-401-01,15,Final,411128-100,
Pemotongan Secara Digunggung,Bunga Obligasi yang Diterima Wajib Pajak Dalam Negeri dan Bentuk Usaha Tetap,Pasal 4 Ayat 2,28-401-06,10,Final,411128-100,
Pemotongan Secara Digunggung,Bunga Obligasi yang Diterima Wajib Pajak Dalam Negeri dan Bentuk Usaha Tetap yang diadministrasikan oleh BI,Pasal 4 Ayat 2,28-401-03,10,Final,411128-100,
Pemotongan Secara Digunggung,Diskonto Surat Perbendaharaan Negara yang Diterima Wajib Pajak Dalam Negeri dan Bentuk Usaha Tetap,Pasal 4 Ayat 2,28-401-04,20,Final,411128-100,
Pemotongan Secara Digunggung,Diskonto Surat Perbendaharaan Negara yang Diterima Wajib Pajak Penduduk/Berkedudukan di Luar Negeri,Pasal 4 Ayat 2,28-401-05,20,Final,411128-100,
Pemotongan Secara Digunggung,Transaksi Penjualan Saham di Bursa Efek (Bukan Saham Pendiri),Pasal 4 Ayat 2,28-406-01,0.1,Final,411128-100,
Pemotongan Secara Digunggung,Hadiah Undian,Pasal 4 Ayat 2,28-405-01,25,Final,411128-100,
Pemotongan Secara Digunggung,Dividen yang Diterima/Diperoleh Wajib Pajak Orang Pribadi Dalam Negeri,Pasal 4 Ayat 2,28-419-01,10,Final,411128-100,
Pemotongan Secara Digunggung,Bunga Deposito yang Ditempatkan di Dalam Negeri (mata uang IDR bersumber dari DHE tenor 1 bulan),Pasal 4 Ayat 2,28-404-02,7.5,Final,411128-100,
Pemotongan Secara Digunggung,Penjualan Pulsa dan Kartu Perdana oleh Penyelenggara Distribusi Tingkat Kedua yang Merupakan Pemungut PPh Pasal 22,Pasal 22,22-100-23,0.5,Tidak Final,411122-100,
Pemotongan Secara Digunggung,Penghasilan Sehubungan dengan Aset Kripto yang dipungut oleh Penyelenggara Perdagangan Melalui Sistem Elektronik yang Merupakan Pedagang Fisik Aset Kripto,Pasal 22,22-405-01,0.1,Final,411122-100,
Pemotongan Secara Digunggung,Penghasilan Sehubungan dengan Aset Kripto yang dipungut oleh Penyelenggara Perdagangan Melalui Sistem Elektronik yang Bukan Merupakan Pedagang Fisik Aset Kripto,Pasal 22,22-405-02,0.2,Final,411122-100,
Pemotongan Secara Digunggung,"Penghasilan Sehubungan dengan Transaksi Penjualan Barang, Penyerahan Jasa, dan/atau Persewaan serta Penghasilan Lain Sehubungan dengan Penggunaan Harta yang Dilakukan Melalui Pihak Lain dalam Sistem Informasi Pengadaan Pemerintah",Pasal 22,22-101-01,0.5,Final,411122-100,
Pemotongan Secara Digunggung,"Penghasilan Sehubungan dengan Transaksi Penjualan Barang, Penyerahan Jasa, dan/atau Persewaan serta Penghasilan Lain Sehubungan dengan Penggunaan Harta yang Dilakukan Melalui Pihak Lain dalam Sistem Informasi Pengadaan Pemerintah",Pasal 22,22-101-02,0.5,Tidak Final,411122-100,
Pemotongan Secara Digunggung,"Penghasilan yang Diterima atau Diperoleh Pedagang Dalam Negeri Penjualan Barang, Penyerahan Jasa, dan/atau Persewaan serta Penghasilan Lain Sehubungan dengan Penggunaan Harta yang Dilakukan Melalui Perdagangan Melalui Sistem Elektronik",Pasal 22,22-102-01,0.5,Tidak Final,411122-100,
Pemotongan Secara Digunggung,"Penghasilan yang Diterima atau Diperoleh Pedagang Dalam Negeri Penjualan Barang, Penyerahan Jasa, dan/atau Persewaan serta Penghasilan Lain Sehubungan dengan Penggunaan Harta yang Dilakukan Melalui Perdagangan Melalui Sistem Elektronik",Pasal 22,22-102-02,0.5,Final,411122-100,
Pemotongan Secara Digunggung,Penjualan Emas Batangan di Dalam Negeri oleh Pengusaha Emas Perhiasan dan/atau Emas Batangan,Pasal 22,22-100-25,0.25,Tidak Final,411122-100,
Pemotongan Secara Digunggung,Penjualan Emas Perhiasan di Dalam Negeri oleh Pengusaha Emas Perhiasan dan/atau Emas Batangan,Pasal 22,22-100-26,0.25,Tidak Final,411122-100,
Pemotongan Secara Digunggung,Penjualan Perhiasan Selain dari Emas dan/atau Batu Permata dan/atau Batu Lainnya yang Sejenis oleh Pengusaha Emas Perhiasan dan/atau Emas Batangan,Pasal 22,22-100-27,0.25,Tidak Final,411122-100,
Pemotongan Secara Digunggung,Bunga Deposito yang Ditempatkan di Dalam Negeri (mata uang IDR bersumber dari DHE tenor 3 bulan),Pasal 4 Ayat 2,28-404-03,5,Final,411128-100,
Pemotongan Secara Digunggung,Bunga Pinjaman yang Diterima Wajib Pajak Dalam Negeri dan Bentuk Usaha Tetap Melalui Layanan Pinjam Meminjam Uang Berbasis Teknologi Informasi,Pasal 23,24-105-01,15,Tidak Final,411124-100,
Pemotongan Secara Digunggung,Transaksi Penjualan Saham di Bursa Efek (Bukan Saham Pendiri) oleh WPLN,Pasal 26,28-406-02,0.1,Final,411127-110,
Pemotongan Secara Digunggung,Bunga Obligasi (PPh Pasal 26),Pasal 26,27-102-03,10,Final,411127-110,
Pemotongan Secara Digunggung,Bunga Deposito yang Ditempatkan di Dalam Negeri (mata uang IDR bersumber dari DHE tenor 6 bulan atau lebih),Pasal 4 Ayat 2,28-404-04,0,Final,411128-100,
Pemotongan Secara Digunggung,Bunga Deposito yang Ditempatkan di Dalam Negeri (mata uang USD bersumber dari DHE tenor 1 bulan),Pasal 4 Ayat 2,28-404-05,10,Final,411128-100,
Pemotongan Secara Digunggung,Bunga Deposito yang Ditempatkan di Dalam Negeri (mata uang USD bersumber dari DHE tenor 3 bulan),Pasal 4 Ayat 2,28-404-06,7.5,Final,411128-100,
Pemotongan Secara Digunggung,Bunga Deposito yang Ditempatkan di Dalam Negeri (mata uang USD bersumber dari DHE tenor 6 bulan),Pasal 4 Ayat 2,28-404-07,2.5,Final,411128-100,
Pemotongan Secara Digunggung,Bunga Deposito yang Ditempatkan di Dalam Negeri (mata uang USD bersumber dari DHE tenor lebih 6 bulan),Pasal 4 Ayat 2,28-404-08,0,Final,411128-100,
Pemotongan Secara Digunggung,Bunga Deposito/Tabungan yang Ditempatkan di Luar Negeri Melalui Bank yang Didirikan atau Bertempat Kedudukan di Indonesia atau Cabang Bank Luar Negeri di Indonesia,Pasal 4 Ayat 2,28-404-09,20,Final,411128-100,
BP 21,Upah Pegawai Tidak Tetap yang Dibayarkan secara Bulanan,Pasal 21,21-100-35,,Tidak Final,411121-100,100
BP 21,Honorarium atau Imbalan kepada Anggota Dewan Komisaris atau Dewan Pengawas yang Menerima Imbalan secara Tidak Teratur,Pasal 21,21-100-10,,Tidak Final,411121-100,100
BP 21,Upah Pegawai Tidak Tetap yang Dibayarkan secara Bulanan yang Mendapat Fasilitas di Daerah Tertentu,Pasal 21,21-100-27,,Tidak Final,411121-100,100
BP 21,"Imbalan kepada Tenaga Ahli (Pengacara, Akuntan, Arsitek, Dokter, Konsultan, Notaris, Pejabat Pembuat Akte Tanah, Penilai, Aktuaris)",Pasal 21,21-100-07,,Tidak Final,411121-100,50
BP 21,"Imbalan kepada Penasihat, Pengajar, Pelatih, Penceramah, Penyuluh, dan Moderator",Pasal 21,21-100-18,,Tidak Final,411121-100,50
BP 21,"Imbalan kepada Pengarang, Peneliti, Penerjemah",Pasal 21,21-100-19,,Tidak Final,411121-100,50
BP 21,Imbalan kepada Pemberi Jasa dalam Segala Bidang,Pasal 21,21-100-20,,Tidak Final,411121-100,50
BP 21,Imbalan kepada Agen Iklan,Pasal 21,21-100-21,,Tidak Final,411121-100,50
BP 21,Imbalan kepada Pengawas atau Pengelola Proyek,Pasal 21,21-100-22,,Tidak Final,411121-100,50
BP 21,Imbalan kepada Pembawa Pesanan atau yang Menemukan Langganan atau yang Menjadi Perantara,Pasal 21,21-100-23,,Tidak Final,411121-100,50
BP 21,Imbalan kepada Petugas Penjaja Barang Dagangan,Pasal 21,21-100-06,,Tidak Final,411121-100,50
BP 21,Imbalan kepada Agen Asuransi,Pasal 21,21-100-05,,Tidak Final,411121-100,50
BP 21,Imbalan kepada Distributor Perusahaan Pemasaran Berjenjang atau Penjualan Langsung dan Kegiatan Sejenis Lainnya,Pasal 21,21-100-04,,Tidak Final,411121-100,50
BP 21,"Upah Pegawai Tidak Tetap yang Dibayarkan secara Harian, Mingguan, Satuan dan Borongan dengan Penghasilan Bruto lebih dari Rp2.500.000 Sehari",Pasal 21,21-100-30,,Tidak Final,411121-100,50
BP 21,"Upah Pegawai Tidak Tetap yang Dibayarkan secara Harian, Mingguan, Satuan dan Borongan dengan Penghasilan Bruto lebih dari Rp2.500.000 Sehari yang Mendapat Fasilitas di Daerah Tertentu",Pasal 21,21-100-31,,Final,411121-100,50
BP 21,Uang Manfaat Pensiun atau Penghasilan Sejenisnya yang diambil sebagian oleh Peserta Program Pensiun yang Masih Berstatus sebagai Pegawai,Pasal 21,21-100-12,,Tidak Final,411121-100,100
BP 21,"Imbalan kepada Peserta Perlombaan dalam Segala Bidang, antara lain Perlombaan Olah Raga, Seni, Ketangkasan, Ilmu Pengetahuan, Teknologi, dan Perlombaan Lainnya",Pasal 21,21-100-36,,Tidak Final,411121-100,100
BP 21,"Imbalan kepada Peserta Rapat, Konferensi, Sidang, Pertemuan, Kunjungan Kerja, Seminar, Lokakarya, atau Pertunjukan, atau Kegiatan Tertentu Lainnya",Pasal 21,21-100-14,,Tidak Final,411121-100,100
BP 21,Imbalan kepada Peserta atau Anggota dalam Suatu Kepanitiaan sebagai Penyelenggara Kegiatan Tertentu,Pasal 21,21-100-15,,Tidak Final,411121-100,100
BP 21,"Imbalan kepada Peserta Pendidikan, Pelatihan, dan Magang",Pasal 21,21-100-16,,Tidak Final,411121-100,100
BP 21,Imbalan kepada Peserta Kegiatan Lainnya,Pasal 21,21-100-17,,Tidak Final,411121-100,100
BP 21,"Penghasilan berupa Uang Pesangon, Uang Manfaat Pensiun, Tunjangan Hari Tua, atau Jaminan Hari Tua yang Terutang atau Dibayarkan pada Tahun Ketiga dan Tahun-Tahun Berikutnya",Pasal 21,21-100-25,,Tidak Final,411121-100,100
BP 21,"Imbalan kepada Pemain Musik, Pembawa Acara, Penyanyi, Pelawak, Bintang Film, Bintang Sinetron, Bintang Iklan, Sutradara, Kru Film, Foto Model, Peragawan/Peragawati, Pemain Drama, Penari, Pemahat, Pelukis, Pembuat/Pencipta Konten pada Media yang Dibagikan secara Daring (Influencer, Selebgram, Blogger, Vlogger, dan Sejenis Lainnya), dan Seniman Lainnya",Pasal 21,21-100-33,,Tidak Final,411121-100,50
BP 21,Imbalan yang Diterima oleh Olahragawan,Pasal 21,21-100-34,,Tidak Final,411121-100,50
BP 21,"Upah Pegawai Tidak Tetap yang Dibayarkan secara Harian, Mingguan, Satuan dan Borongan dengan Penghasilan Bruto sampai dengan Rp2.500.000 Sehari",Pasal 21,21-100-24,,Final,411121-100,100
BP 21,"Upah Pegawai Tidak Tetap yang Dibayarkan secara Harian, Mingguan, Satuan dan Borongan dengan Penghasilan Bruto sampai dengan Rp2.500.000 Sehari yang Mendapat Fasilitas di Daerah Tertentu",Pasal 21,21-100-29,,Final,411121-100,100
BP 21,"Honor atau Imbalan Lain yang Dibebankan kepada APBN atau APBD yang Diterima oleh PNS Golongan I dan Golongan II, Anggota TNI dan Anggota POLRI Golongan Pangkat Tamtama dan Bintara, dan Pensiunannya",Pasal 21,21-402-04,,Final,411121-100,100
BP 21,"Honor atau Imbalan Lain yang Dibebankan kepada APBN atau APBD yang Diterima oleh PNS Golongan III, Anggota TNI dan Anggota POLRI Golongan Pangkat Perwira Pertama, dan Pensiunannya",Pasal 21,21-402-02,,Final,411121-100,100
BP 21,"Honor atau Imbalan Lain yang Dibebankan kepada APBN atau APBD yang Diterima oleh Pejabat Negara, PNS Golongan IV, Anggota TNI dan Anggota POLRI Golongan Pangkat Perwira Menengah dan Perwira Tinggi, dan Pensiunannya",Pasal 21,21-402-03,,Final,411121-100,100
BP 21,Uang Pesangon yang Dibayarkan Sekaligus,Pasal 21,21-401-01,,Final,411121-100,100
BP 21,"Uang Manfaat Pensiun, Tunjangan Hari Tua, atau Jaminan Hari Tua yang Dibayarkan Sekaligus",Pasal 21,21-401-02,,Final,411121-100,100
BP 21,Penghasilan yang Diterima atau Diperoleh Pegawai Tetap di Daerah Tertentu yang Tidak Memenuhi Persyaratan Fasilitas,Pasal 21,21-100-37,,Final,411121-100,100
BP 26,"Imbalan Sehubungan dengan Jasa, Pekerjaan dan Kegiatan, Hadiah dan Penghargaan, Pensiun dan Pembayaran Berkala Lainnya yang Dipotong PPh Pasal 26",Pasal 26,27-100-99,20,Final,411127-100,100
Bukti Pemotongan Bulanan Pegawai Tetap,Penghasilan yang Diterima atau Diperoleh Pegawai Tetap,Pasal 21,21-100-01,,,411121-100,
Bukti Pemotongan Bulanan Pegawai Tetap,Penghasilan yang Diterima atau Diperoleh Pensiunan Secara Teratur,Pasal 21,21-100-02,,,411121-100,
Bukti Pemotongan Bulanan Pegawai Tetap,Penghasilan yang Diterima atau Diperoleh Pegawai Tetap yang Menerima Fasilitas di Daerah Tertentu,Pasal 21,21-100-32,,,411121-100,
